anio,emision_total_ton
2005,116212.782
2006,178544.3732
2007,505532.30132830003
2008,618233.325369767
2009,472814.78167799395
2010,365965.6818793894
2011,245277.46098210005
2012,474198.3211953135
2013,4572963.165886001
2014,1493108.5908423692
2015,3504641.452620211
2016,2674651.713499484
2017,3321775.71209302
2018,3932104.5048445966
2019,2863999.583033679
2020,3273747.4624561192
2021,1989843.8178942509
2022,2425118.61813
2023,1619524.6426199998
2024,724884.514557266
