contaminante,emision_total_ton
Cloruros,21223735.6777037
Sulfatos,7678466.725660941
S贸lidos suspendidos totales,2418234.018381596
Sulfato,1210590.2681841496
Nitr贸geno Total Kjeldahl,723130.4857989219
S贸lidos Suspendidos Totales,591512.2702385351
Aceites y grasas,509903.5730619496
F贸sforo Total,217982.57894165596
Aceites y Grasas,135895.6020534171
Hierro / hierro disuelto,106428.2803607554
