region,emision_total_ton
Antofagasta,12066301.787148735
Valparaíso,5920393.606741892
Biobío,4787638.359185887
Tarapacá,2547284.422228034
Metropolitana,2154171.1405454697
Atacama,1511850.7736846549
Los Lagos,1303401.4970008223
Libertador Gral. Bernardo O'Higgins,1132002.0720799435
Araucanía,812019.1339233523
Los Ríos,748063.7118084173
